{"shap": {"age": 0.1760691439139486, "Mono_": 0.18848259284152458, "Male": 0.0033455391540060785, "ALT": 0.013470279404110433, "AST": 0.03724667145108376, "Albumin": 1.0, "Alkaline": 0.05220002100709708, "Bilirubin_direct": 0.017461700504948593, "Bilirubin_indirect": 0.01153132423572881, "Creatinine": 0.4796859765047293, "HCT": 0.012241050641898312, "Hemoglobin": 0.10568924415555937, "MCH": 0.006059339795526112, "MCV": 0.03319553219406395, "Mean_platelet_volume": 0.035152603233071275, "Neutrophils__": 0.054837942524760916, "Platelet__automated_count": 0.031607154698871875, "RBC": 0.008957089493858887, "RDW": 0.2457161223152889, "WBC": 0.033532209363787244}, "lime": {"age": 0.2822485026692244, "Mono_": 0.0061627885293594415, "Male": 0.031229898236383967, "ALT": 0.1115595534174943, "AST": 0.25737105031135193, "Albumin": 0.0014776007267029683, "Alkaline": 0.23606723579483857, "Bilirubin_direct": 0.03647654008075404, "Bilirubin_indirect": 0.03322391968045507, "Creatinine": 1.0, "HCT": 0.02767968359026048, "Hemoglobin": 0.00682880695320464, "MCH": 0.02978894353685527, "MCV": 0.10283109763295915, "Mean_platelet_volume": 0.12417905655644662, "Neutrophils__": 0.006967779421256191, "Platelet__automated_count": 0.02684322247266908, "RBC": 0.08429033336397095, "RDW": 0.612879878722341, "WBC": 0.007367817086517764}, "lgbm": {"age": 0.7103174603174603, "Mono_": 0.626984126984127, "Male": 0.023809523809523808, "ALT": 0.047619047619047616, "AST": 0.19444444444444445, "Albumin": 0.7896825396825397, "Alkaline": 0.2857142857142857, "Bilirubin_direct": 0.0873015873015873, "Bilirubin_indirect": 0.031746031746031744, "Creatinine": 1.0, "HCT": 0.031746031746031744, "Hemoglobin": 0.376984126984127, "MCH": 0.03571428571428571, "MCV": 0.1626984126984127, "Mean_platelet_volume": 0.19444444444444445, "Neutrophils__": 0.3492063492063492, "Platelet__automated_count": 0.23412698412698413, "RBC": 0.09126984126984126, "RDW": 0.5476190476190477, "WBC": 0.13095238095238096}, "dice_global": {"age": 0.1, "Mono_": 0.0, "Male": 0.0, "ALT": 0.0, "AST": 0.1, "Albumin": 0.0, "Alkaline": 0.0, "Bilirubin_direct": 0.2, "Bilirubin_indirect": 0.0, "Creatinine": 1.0, "HCT": 0.0, "Hemoglobin": 1.0, "MCH": 1.0, "MCV": 1.0, "Mean_platelet_volume": 0.0, "Neutrophils__": 1.0, "Platelet__automated_count": 0.1, "RBC": 0.0, "RDW": 0.0, "WBC": 1.0}}