{"shap": {"cough": 0.2317791368969443, "fever": 1.0, "sore_throat": 0.0940096253398909, "shortness_of_breath": 0.25111042514267806, "head_ache": 0.2440957159174648, "age_60_and_above": 0.12813609629657619, "gender": 0.04485681794283196, "Contact with confirmed": 0.9160819233405872}, "lime": {"cough": 0.04298954467565053, "fever": 0.27860345373380996, "sore_throat": 0.13771728513442558, "shortness_of_breath": 1.0, "head_ache": 0.43069905451645013, "age_60_and_above": 0.06613778421497174, "gender": 0.022443799611184926, "Contact with confirmed": 0.5792723554832587}, "lgbm": {"cough": 0.07142857142857142, "fever": 0.5, "sore_throat": 0.07142857142857142, "shortness_of_breath": 0.8571428571428571, "head_ache": 0.14285714285714285, "age_60_and_above": 1.0, "gender": 0.14285714285714285, "Contact with confirmed": 0.21428571428571427}, "dice_global": {"cough": 0.1, "fever": 0.6, "sore_throat": 0.1, "shortness_of_breath": 1.0, "head_ache": 0.5, "age_60_and_above": 0.4, "gender": 0.5, "Contact with confirmed": 0.9}}