{"shap": {"cough": 0.2317791368969443, "fever": 1.0, "sore_throat": 0.0940096253398909, "shortness_of_breath": 0.25111042514267806, "head_ache": 0.2440957159174648, "age_60_and_above": 0.12813609629657619, "gender": 0.04485681794283196, "Contact with confirmed": 0.9160819233405872}, "lime": {"cough": 0.02890939955900758, "fever": 0.25743696836427354, "sore_throat": 0.12334390076619359, "shortness_of_breath": 1.0, "head_ache": 0.4345641969307044, "age_60_and_above": 0.08083489733127533, "gender": 0.015970859996745905, "Contact with confirmed": 0.6038392117517297}, "lgbm": {"cough": 0.07142857142857142, "fever": 0.5, "sore_throat": 0.07142857142857142, "shortness_of_breath": 0.8571428571428571, "head_ache": 0.14285714285714285, "age_60_and_above": 1.0, "gender": 0.14285714285714285, "Contact with confirmed": 0.21428571428571427}, "dice_global": {"cough": 0.2, "fever": 0.5, "sore_throat": 0.3, "shortness_of_breath": 1.0, "head_ache": 0.2, "age_60_and_above": 0.5, "gender": 0.2, "Contact with confirmed": 1.0}}