{"shap": {"cough": 1.0, "fever": 0.17664028663995066, "sore_throat": 0.1621038364754457, "shortness_of_breath": 0.12339709935876307, "head_ache": 0.19355212959442253, "age_60_and_above": 0.6748949114375469, "gender": 0.2901273263721847, "Abroad": 0.0, "Contact with confirmed": 0.4897794912545795}, "lime": {"cough": 0.013067986272381574, "fever": 0.01889446773366983, "sore_throat": 0.8241671097250086, "shortness_of_breath": 1.0, "head_ache": 0.7769472269098555, "age_60_and_above": 0.029609180427182216, "gender": -0.06900313664425237, "Abroad": 0.0279946469760355, "Contact with confirmed": 0.49817822707243375}, "lgbm": {"cough": 0.9047619047619048, "fever": 0.14285714285714285, "sore_throat": 0.19047619047619047, "shortness_of_breath": 0.09523809523809523, "head_ache": 0.09523809523809523, "age_60_and_above": 0.5238095238095238, "gender": 1.0, "Abroad": 0.0, "Contact with confirmed": 0.047619047619047616}, "dice_local_cf": {"cough": 0.22222222222222224, "fever": 0.11111111111111112, "sore_throat": 0.11111111111111112, "shortness_of_breath": 0.22222222222222224, "head_ache": 0.22222222222222224, "age_60_and_above": 0.3333333333333333, "gender": 1.0, "Abroad": 0.0, "Contact with confirmed": 0.0}, "dice_local": {"cough": 0.22222222222222224, "fever": 0.11111111111111112, "sore_throat": 0.11111111111111112, "shortness_of_breath": 0.22222222222222224, "head_ache": 0.22222222222222224, "age_60_and_above": 0.3333333333333333, "gender": 1.0, "Abroad": 0.0, "Contact with confirmed": 0.0}, "dice_global": {"cough": 0.22222222222222224, "fever": 0.11111111111111112, "sore_throat": 0.11111111111111112, "shortness_of_breath": 0.22222222222222224, "head_ache": 0.22222222222222224, "age_60_and_above": 0.3333333333333333, "gender": 1.0, "Abroad": 0.0, "Contact with confirmed": 0.0}}