{"cough": {"shap_norm": 1.0, "lime_norm": 1.0, "lgbm_norm": 1.0, "dice_local_cf_norm": 1.0, "dice_loc_norm": 1.0, "dice_glo_norm": 1.0}, "fever": {"shap_norm": 0.6748949114375469, "lime_norm": 0.8252905223066795, "lgbm_norm": 0.9047619047619048, "dice_local_cf_norm": 0.22222222222222224, "dice_loc_norm": 0.22222222222222224, "dice_glo_norm": 0.22222222222222224}, "sore_throat": {"shap_norm": 0.4897794912545795, "lime_norm": 0.7104572328284879, "lgbm_norm": 0.5238095238095238, "dice_local_cf_norm": 0.22222222222222224, "dice_loc_norm": 0.22222222222222224, "dice_glo_norm": 0.22222222222222224}, "shortness_of_breath": {"shap_norm": 0.2901273263721847, "lime_norm": 0.43946986888315537, "lgbm_norm": 0.19047619047619047, "dice_local_cf_norm": 0.22222222222222224, "dice_loc_norm": 0.22222222222222224, "dice_glo_norm": 0.22222222222222224}, "head_ache": {"shap_norm": 0.19355212959442253, "lime_norm": 0.07489336987716268, "lgbm_norm": 0.14285714285714285, "dice_local_cf_norm": 0.11111111111111112, "dice_loc_norm": 0.11111111111111112, "dice_glo_norm": 0.11111111111111112}, "age_60_and_above": {"shap_norm": 0.17664028663995066, "lime_norm": 0.03822933568856103, "lgbm_norm": 0.09523809523809523, "dice_local_cf_norm": 0.11111111111111112, "dice_loc_norm": 0.11111111111111112, "dice_glo_norm": 0.11111111111111112}, "gender": {"shap_norm": 0.1621038364754457, "lime_norm": 0.035344512516349985, "lgbm_norm": 0.09523809523809523, "dice_local_cf_norm": 0.11111111111111112, "dice_loc_norm": 0.11111111111111112, "dice_glo_norm": 0.11111111111111112}, "Abroad": {"shap_norm": 0.12339709935876307, "lime_norm": -0.00653439436857961, "lgbm_norm": 0.047619047619047616, "dice_local_cf_norm": 0.11111111111111112, "dice_loc_norm": 0.11111111111111112, "dice_glo_norm": 0.11111111111111112}, "Contact with confirmed": {"shap_norm": 0.0, "lime_norm": -0.045097843098759395, "lgbm_norm": 0.0, "dice_local_cf_norm": 0.11111111111111112, "dice_loc_norm": 0.11111111111111112, "dice_glo_norm": 0.11111111111111112}}