{"shap": {"cough": 0.2317791368969443, "fever": 1.0, "sore_throat": 0.0940096253398909, "shortness_of_breath": 0.25111042514267806, "head_ache": 0.2440957159174648, "age_60_and_above": 0.12813609629657619, "gender": 0.04485681794283196, "Contact with confirmed": 0.9160819233405872}, "lime": {"cough": 0.01915651690311369, "fever": 0.24221787557357752, "sore_throat": 0.10017849771658023, "shortness_of_breath": 1.0, "head_ache": 0.3969106194665456, "age_60_and_above": 0.03263394894018149, "gender": 0.021177055941834416, "Contact with confirmed": 0.581518994161664}, "lgbm": {"cough": 0.07142857142857142, "fever": 0.5, "sore_throat": 0.07142857142857142, "shortness_of_breath": 0.8571428571428571, "head_ache": 0.14285714285714285, "age_60_and_above": 1.0, "gender": 0.14285714285714285, "Contact with confirmed": 0.21428571428571427}, "dice_global": {"cough": 0.0, "fever": 0.1, "sore_throat": 0.0, "shortness_of_breath": 1.0, "head_ache": 0.3, "age_60_and_above": 0.6, "gender": 0.0, "Contact with confirmed": 1.0}}