{"shap": {"cough": 0.2317791368969443, "fever": 1.0, "sore_throat": 0.0940096253398909, "shortness_of_breath": 0.25111042514267806, "head_ache": 0.2440957159174648, "age_60_and_above": 0.12813609629657619, "gender": 0.04485681794283196, "Contact with confirmed": 0.9160819233405872}, "lime": {"cough": 0.026969967430316672, "fever": 0.23353252752592726, "sore_throat": 0.12226660661830825, "shortness_of_breath": 1.0, "head_ache": 0.4356701484927891, "age_60_and_above": 0.06986715675263563, "gender": 0.023814513526324323, "Contact with confirmed": 0.5710878653420676}, "lgbm": {"cough": 0.07142857142857142, "fever": 0.5, "sore_throat": 0.07142857142857142, "shortness_of_breath": 0.8571428571428571, "head_ache": 0.14285714285714285, "age_60_and_above": 1.0, "gender": 0.14285714285714285, "Contact with confirmed": 0.21428571428571427}, "dice_global": {"cough": 0.0, "fever": 0.3, "sore_throat": 0.0, "shortness_of_breath": 1.0, "head_ache": 0.4, "age_60_and_above": 0.3, "gender": 0.0, "Contact with confirmed": 1.0}}