{"shap": {"cough": 0.2317791368969443, "fever": 1.0, "sore_throat": 0.0940096253398909, "shortness_of_breath": 0.25111042514267806, "head_ache": 0.2440957159174648, "age_60_and_above": 0.12813609629657619, "gender": 0.04485681794283196, "Contact with confirmed": 0.9160819233405872}, "lime": {"cough": 0.039390476296667434, "fever": 0.25783742546942645, "sore_throat": 0.12111774544596457, "shortness_of_breath": 1.0, "head_ache": 0.41081007597362484, "age_60_and_above": 0.08936632550569104, "gender": 0.03325160056207943, "Contact with confirmed": 0.6246167491930369}, "lgbm": {"cough": 0.07142857142857142, "fever": 0.5, "sore_throat": 0.07142857142857142, "shortness_of_breath": 0.8571428571428571, "head_ache": 0.14285714285714285, "age_60_and_above": 1.0, "gender": 0.14285714285714285, "Contact with confirmed": 0.21428571428571427}, "dice_global": {"cough": 0.0, "fever": 0.2, "sore_throat": 0.0, "shortness_of_breath": 1.0, "head_ache": 0.4, "age_60_and_above": 0.4, "gender": 0.0, "Contact with confirmed": 1.0}}