{"shap": {"cough": 0.2317791368969443, "fever": 1.0, "sore_throat": 0.0940096253398909, "shortness_of_breath": 0.25111042514267806, "head_ache": 0.2440957159174648, "age_60_and_above": 0.12813609629657619, "gender": 0.04485681794283196, "Contact with confirmed": 0.9160819233405872}, "lime": {"cough": 0.04629913013735787, "fever": 0.2203276241026556, "sore_throat": 0.12533353354843582, "shortness_of_breath": 1.0, "head_ache": 0.40460742703415864, "age_60_and_above": 0.08797438407495906, "gender": 0.022369332552547215, "Contact with confirmed": 0.595075805024543}, "lgbm": {"cough": 0.07142857142857142, "fever": 0.5, "sore_throat": 0.07142857142857142, "shortness_of_breath": 0.8571428571428571, "head_ache": 0.14285714285714285, "age_60_and_above": 1.0, "gender": 0.14285714285714285, "Contact with confirmed": 0.21428571428571427}, "dice_global": {"cough": 0.3, "fever": 0.3, "sore_throat": 0.2, "shortness_of_breath": 1.0, "head_ache": 0.7, "age_60_and_above": 0.5, "gender": 0.2, "Contact with confirmed": 0.9}}