{"shap": {"age": 0.1760691439139486, "Mono_": 0.18848259284152458, "Male": 0.0033455391540060785, "ALT": 0.013470279404110433, "AST": 0.03724667145108376, "Albumin": 1.0, "Alkaline": 0.05220002100709708, "Bilirubin_direct": 0.017461700504948593, "Bilirubin_indirect": 0.01153132423572881, "Creatinine": 0.4796859765047293, "HCT": 0.012241050641898312, "Hemoglobin": 0.10568924415555937, "MCH": 0.006059339795526112, "MCV": 0.03319553219406395, "Mean_platelet_volume": 0.035152603233071275, "Neutrophils__": 0.054837942524760916, "Platelet__automated_count": 0.031607154698871875, "RBC": 0.008957089493858887, "RDW": 0.2457161223152889, "WBC": 0.033532209363787244}, "lime": {"age": 0.3155897505634911, "Mono_": 0.0012642159095148237, "Male": 0.04253583854228421, "ALT": 0.07682470907644211, "AST": 0.2823975739943785, "Albumin": 0.00067565414251568, "Alkaline": 0.23602278826036535, "Bilirubin_direct": 0.05970284457254363, "Bilirubin_indirect": 0.022273113018560546, "Creatinine": 1.0, "HCT": 0.033892891157518666, "Hemoglobin": 0.006179793185466589, "MCH": 0.026551753078661148, "MCV": 0.09717044259780654, "Mean_platelet_volume": 0.09905686188276226, "Neutrophils__": 0.013944652200746727, "Platelet__automated_count": 0.01526815828276518, "RBC": 0.07575867075062681, "RDW": 0.6222682542357552, "WBC": 0.0233480431297537}, "lgbm": {"age": 0.7103174603174603, "Mono_": 0.626984126984127, "Male": 0.023809523809523808, "ALT": 0.047619047619047616, "AST": 0.19444444444444445, "Albumin": 0.7896825396825397, "Alkaline": 0.2857142857142857, "Bilirubin_direct": 0.0873015873015873, "Bilirubin_indirect": 0.031746031746031744, "Creatinine": 1.0, "HCT": 0.031746031746031744, "Hemoglobin": 0.376984126984127, "MCH": 0.03571428571428571, "MCV": 0.1626984126984127, "Mean_platelet_volume": 0.19444444444444445, "Neutrophils__": 0.3492063492063492, "Platelet__automated_count": 0.23412698412698413, "RBC": 0.09126984126984126, "RDW": 0.5476190476190477, "WBC": 0.13095238095238096}, "dice_global": {"age": 0.2, "Mono_": 0.0, "Male": 0.1, "ALT": 0.1, "AST": 0.0, "Albumin": 0.1, "Alkaline": 0.0, "Bilirubin_direct": 0.0, "Bilirubin_indirect": 0.0, "Creatinine": 1.0, "HCT": 0.0, "Hemoglobin": 1.0, "MCH": 1.0, "MCV": 1.0, "Mean_platelet_volume": 0.0, "Neutrophils__": 1.0, "Platelet__automated_count": 0.2, "RBC": 0.0, "RDW": 0.0, "WBC": 1.0}}