{"shortness_of_breath": 0.09666476804632262, "sore_throat": 0.07761444984484428, "head_ache": 0.06990130826964323, "Contact with confirmed": 0.04369029124012341, "fever": 0.002884295858357008, "age_60_and_above": 0.002455985591944517, "Abroad": 0.0016676412841633767, "cough": 0.0005982900824803945, "gender": -0.003813755717353378}