{"shortness_of_breath": 0.09146992532697626, "sore_throat": 0.07520298900568373, "head_ache": 0.07069297967957938, "Contact with confirmed": 0.041857513143551676, "cough": 0.0069809669544164225, "age_60_and_above": 0.0035696545486375813, "fever": 0.0028848893565556403, "Abroad": -0.0007555793258655026, "gender": -0.006848997198022746}