{"shortness_of_breath": 0.12162375341955077, "Contact with confirmed": 0.07209168235266596, "head_ache": 0.05025115120208283, "fever": 0.030278994459324995, "sore_throat": 0.01736015089105544, "age_60_and_above": 0.01193165237963874, "cough": 0.0023103384174409224, "gender": 0.0012678003066206073}