{"shortness_of_breath": 0.12301911854551495, "Contact with confirmed": 0.07456466584641422, "head_ache": 0.04801365415900483, "fever": 0.031318187961473946, "sore_throat": 0.016489362535281212, "age_60_and_above": 0.00569290852137772, "cough": 0.0033756346215788775, "gender": 0.0008960949811645807}