{"cough": 0.10035093097309965, "age_60_and_above": 0.06772633267176546, "Contact with confirmed": 0.04914982791892817, "gender": 0.02911454730218506, "head_ache": 0.019423136396626333, "fever": 0.017726017211674223, "sore_throat": 0.016267270904622086, "shortness_of_breath": 0.012383013800031952, "Abroad": 0.0}