{"fever": 0.0919678837283017, "Contact with confirmed": 0.08425011581138611, "shortness_of_breath": 0.023094094382486222, "head_ache": 0.022448966420073962, "cough": 0.021316236712784296, "age_60_and_above": 0.011784405605601988, "sore_throat": 0.008645866292600292, "gender": 0.004125386616987967}