{"shortness_of_breath": 0.09254232793399267, "sore_throat": 0.0756519249197653, "head_ache": 0.06895841898749738, "Contact with confirmed": 0.044508435160743216, "fever": 0.004988379180292265, "cough": 0.004417746388875796, "age_60_and_above": 0.002639645623245095, "Abroad": -0.002230936590498812, "gender": -0.006481684955417609}